hair	M400 655 C 386 580, 384 500, 395 440 C 410 340, 470 240, 570 190 C 660 150, 770 146, 870 150 C 985 158, 1090 200, 1160 280 C 1215 345, 1234 420, 1232 490 C 1230 570, 1222 635, 1205 700 C 1195 640, 1180 590, 1160 565 C 1120 520, 1060 492, 960 480 C 860 470, 740 470, 640 478 C 560 488, 500 520, 465 575 C 440 615, 420 640, 400 655 Z
fadeL	M400 655 C 404 700, 418 760, 438 805 L 462 800 C 450 750, 446 700, 452 640 Z
fadeR	M1205 700 C 1204 720, 1203 732, 1200 745 L 1186 740 C 1190 700, 1192 650, 1186 600 Z
hairline	M465 575 C 500 520, 560 488, 640 478 C 740 470, 860 470, 960 480 C 1060 492, 1120 520, 1160 565
face	M405 640 C 400 760, 405 880, 425 990 C 445 1130, 495 1265, 580 1362 C 650 1418, 710 1450, 775 1452 C 845 1450, 915 1418, 1000 1332 C 1100 1200, 1160 1060, 1190 900 C 1205 800, 1210 700, 1205 640 C 1200 580, 1170 540, 1100 515 C 1000 482, 860 470, 740 472 C 620 476, 520 495, 465 540 C 425 575, 408 610, 405 640 Z
jawShade	M1000 1332 C 1100 1200, 1160 1060, 1190 900 C 1180 1040, 1140 1150, 1080 1240 C 1050 1285, 1025 1310, 1000 1332 Z
earL	M450 800 C 400 776, 352 795, 350 852 C 348 925, 372 995, 420 1042 C 440 1060, 460 1064, 476 1056 Z
earLin	M392 860 C 386 905, 396 960, 424 1000
earR	M1203 738 C 1240 702, 1295 706, 1315 762 C 1330 822, 1305 905, 1270 960 C 1250 990, 1226 1000, 1198 995 Z
earRin	M1228 770 C 1266 752, 1290 790, 1281 845 C 1274 890, 1257 918, 1236 928
browN_L	M492 838 C 540 816, 600 812, 655 824
browN_R	M838 814 C 900 796, 970 790, 1032 800
browU_L	M492 808 C 540 780, 600 774, 655 790
browU_R	M838 782 C 900 760, 970 752, 1032 770
browC_R	M838 830 C 900 820, 970 818, 1032 836
eyeL	M503 902 C 540 868, 612 860, 657 900 C 616 926, 545 930, 503 902 Z
eyeR	M850 885 C 890 850, 966 843, 1017 868 C 976 903, 900 912, 850 885 Z
lidL	M498 905 C 538 862, 615 852, 662 900
lidR	M845 888 C 888 846, 968 836, 1022 866
bagL	M522 938 C 560 958, 612 958, 648 936
bagR	M868 914 C 908 932, 968 930, 1004 906
noseShade	M712 905 C 706 965, 694 1010, 668 1042 C 690 1030, 710 1000, 722 960 Z
nose	M668 1040 C 640 1068, 656 1098, 700 1090 C 735 1104, 790 1110, 832 1094 C 872 1100, 893 1072, 876 1040
noseTip	M732 1060 C 755 1048, 790 1048, 808 1062
nostrilL	M690 1080 C 700 1068, 722 1068, 730 1082 C 718 1090, 700 1090, 690 1080 Z
nostrilR	M820 1080 C 828 1066, 852 1064, 860 1078 C 850 1088, 830 1090, 820 1080 Z
lipTopN	M598 1188 C 650 1160, 720 1150, 760 1166 C 800 1150, 870 1158, 912 1183 C 830 1206, 680 1208, 598 1188 Z
lipBotN	M603 1192 C 680 1212, 830 1212, 908 1186 C 890 1236, 840 1272, 760 1274 C 680 1272, 625 1240, 603 1192 Z
lipLineN	M598 1189 C 680 1210, 830 1210, 912 1184
lipTopS	M585 1172 C 650 1150, 720 1146, 760 1162 C 800 1146, 870 1150, 930 1168 C 840 1212, 680 1212, 585 1172 Z
lipBotS	M590 1176 C 680 1224, 840 1224, 925 1172 C 895 1246, 835 1276, 760 1277 C 690 1275, 625 1246, 590 1176 Z
lipLineS	M585 1172 C 680 1220, 840 1220, 930 1168
grinOut	M582 1168 C 650 1148, 720 1144, 760 1158 C 800 1144, 870 1148, 932 1164 C 902 1272, 832 1312, 760 1314 C 688 1312, 612 1272, 582 1168 Z
grinIn	M612 1184 C 700 1204, 830 1204, 902 1180 C 878 1252, 830 1284, 760 1286 C 690 1284, 636 1252, 612 1184 Z
grinTeeth	M618 1188 C 700 1207, 830 1207, 897 1185 L 890 1214 C 820 1230, 700 1230, 628 1214 Z
lipLineU	M600 1200 C 650 1182, 700 1216, 760 1198 C 820 1182, 862 1214, 912 1192
stubble	M640 1298 C 700 1330, 830 1330, 892 1290 C 882 1372, 840 1432, 772 1442 C 702 1436, 656 1380, 640 1298 Z
foreheadHi	M690 560 C 750 548, 830 548, 880 560
cheekHiL	M520 1000 C 540 1010, 560 1016, 585 1018
cheekHiR	M1000 990 C 1030 985, 1060 975, 1085 960
